{"cameraMode":{"drawMode":0,"name":"Shaded","section":"Shading Mode"},"sceneLighting":false,"audioPlay":false,"sceneViewState":{"showFog":true,"showMaterialUpdate":false,"showSkybox":true,"showFlares":true,"showImageEffects":true,"showParticleSystems":true},"in2DMode":false,"pivot":{"x":40.46174621582031,"y":0.6839984655380249,"z":-3.124703884124756},"rotation":{"x":-0.42441830039024355,"y":0.0005445944843813777,"z":-0.00024646244128234684,"w":-0.9054868221282959},"size":4.062500476837158,"orthographic":false}