{"cameraMode":{"drawMode":0,"name":"Shaded","section":"Shading Mode"},"sceneLighting":true,"audioPlay":false,"sceneViewState":{"showFog":true,"showMaterialUpdate":false,"showSkybox":true,"showFlares":true,"showImageEffects":true,"showParticleSystems":true},"in2DMode":false,"pivot":{"x":-0.07344567030668259,"y":1.0309531688690186,"z":0.48424190282821658},"rotation":{"x":-0.1888972818851471,"y":-0.08766302466392517,"z":0.01693343184888363,"w":-0.9779344797134399},"size":0.4455486536026001,"orthographic":false}