{"cameraMode":{"drawMode":0,"name":"Shaded","section":"Shading Mode"},"sceneLighting":false,"audioPlay":false,"sceneViewState":{"showFog":true,"showMaterialUpdate":false,"showSkybox":true,"showFlares":true,"showImageEffects":true,"showParticleSystems":true},"in2DMode":false,"pivot":{"x":-8.783012390136719,"y":-0.2320384979248047,"z":-44.84735870361328},"rotation":{"x":-0.16858720779418946,"y":0.8145533204078674,"z":-0.29025596380233767,"w":-0.47311076521873476},"size":58.194183349609378,"orthographic":false}