{"cameraMode":{"drawMode":0,"name":"Shaded","section":"Shading Mode"},"sceneLighting":true,"audioPlay":false,"sceneViewState":{"showFog":true,"showMaterialUpdate":false,"showSkybox":true,"showFlares":true,"showImageEffects":true,"showParticleSystems":true},"in2DMode":false,"pivot":{"x":-2.181962013244629,"y":6.183659553527832,"z":-3.4053869247436525},"rotation":{"x":-0.3846393823623657,"y":0.004714080132544041,"z":-0.00194005377124995,"w":-0.923082709312439},"size":13.597976684570313,"orthographic":false}