{"cameraMode":{"drawMode":0,"name":"Shaded","section":"Shading Mode"},"sceneLighting":false,"audioPlay":false,"sceneViewState":{"showFog":true,"showMaterialUpdate":false,"showSkybox":true,"showFlares":true,"showImageEffects":true,"showParticleSystems":true},"in2DMode":false,"pivot":{"x":-8.10482406616211,"y":0.6058816909790039,"z":5.829109191894531},"rotation":{"x":-0.2240668684244156,"y":0.5370081067085266,"z":-0.15051713585853578,"w":-0.7992604970932007},"size":17.753923416137697,"orthographic":false}