{"cameraMode":{"drawMode":0,"name":"Shaded","section":"Shading Mode"},"sceneLighting":true,"audioPlay":false,"sceneViewState":{"showFog":true,"showMaterialUpdate":false,"showSkybox":true,"showFlares":true,"showImageEffects":true,"showParticleSystems":true},"in2DMode":false,"pivot":{"x":-89.61569213867188,"y":-168.38638305664063,"z":108.3743667602539},"rotation":{"x":-0.3908081650733948,"y":0.297915518283844,"z":-0.1352299451828003,"w":-0.8604438900947571},"size":232.66661071777345,"orthographic":false}