{"cameraMode":{"drawMode":0,"name":"Shaded","section":"Shading Mode"},"sceneLighting":true,"audioPlay":false,"sceneViewState":{"showFog":true,"showMaterialUpdate":false,"showSkybox":true,"showFlares":true,"showImageEffects":true,"showParticleSystems":true},"in2DMode":false,"pivot":{"x":2.0700650215148927,"y":7.4145379066467289,"z":-0.3199120759963989},"rotation":{"x":0.30527234077453616,"y":-0.5843981504440308,"z":0.25176650285720827,"w":0.7085052132606506},"size":18.017684936523439,"orthographic":false}