{"cameraMode":{"drawMode":0,"name":"Shaded","section":"Shading Mode"},"sceneLighting":true,"audioPlay":false,"sceneViewState":{"showFog":true,"showMaterialUpdate":false,"showSkybox":true,"showFlares":true,"showImageEffects":true,"showParticleSystems":true},"in2DMode":false,"pivot":{"x":-0.23919719457626344,"y":0.3784973621368408,"z":-0.20056378841400147},"rotation":{"x":-0.1285262554883957,"y":0.870351254940033,"z":-0.31161099672317507,"w":-0.35898256301879885},"size":3.6073946952819826,"orthographic":false}