{"cameraMode":{"drawMode":0,"name":"Shaded","section":"Shading Mode"},"sceneLighting":false,"audioPlay":false,"sceneViewState":{"showFog":true,"showMaterialUpdate":false,"showSkybox":true,"showFlares":true,"showImageEffects":true,"showParticleSystems":true},"in2DMode":false,"pivot":{"x":1.3638920783996583,"y":-2.208568572998047,"z":9.369542121887207},"rotation":{"x":-0.35530638694763186,"y":-0.01906244456768036,"z":0.007270102389156818,"w":-0.934556782245636},"size":61.36410903930664,"orthographic":false}