{"cameraMode":{"drawMode":0,"name":"Shaded","section":"Shading Mode"},"sceneLighting":true,"audioPlay":false,"sceneViewState":{"showFog":true,"showMaterialUpdate":false,"showSkybox":true,"showFlares":true,"showImageEffects":true,"showParticleSystems":true},"in2DMode":false,"pivot":{"x":-13.263961791992188,"y":-1.3371686935424805,"z":9.131179809570313},"rotation":{"x":0.16584224998950959,"y":-0.4992154538631439,"z":0.09795022010803223,"w":0.8448460698127747},"size":35.12827682495117,"orthographic":false}